CLASSIC_LASER_IN;CLASSIS_OUT;QUANT_IN_PORT;QUANT_DETECTOR_PORT;MIN photon count;MAX photon count;timestamp epoch;timestamp_utc;duration
;;;;;;;;
1;9;-;-;3163;3387;1744311971.246721170;Thu Apr 10 07:06:11 PM UTC 2025;45.931624483
1;9;2;10;2871;3468;1744312017.185223052;Thu Apr 10 07:06:57 PM UTC 2025;91.468223389
1;9;3;10;7340;7735;1744312108.660064264;Thu Apr 10 07:08:28 PM UTC 2025;28.192437207
1;9;4;10;2798;3121;1744312136.858780458;Thu Apr 10 07:08:56 PM UTC 2025;50.873917668
1;9;5;10;11428;12457;1744312187.739248532;Thu Apr 10 07:09:47 PM UTC 2025;97.563214650
1;9;6;10;3009;3699;1744312285.309334352;Thu Apr 10 07:11:25 PM UTC 2025;47.791528612
1;9;7;10;3662;4055;1744312333.107699041;Thu Apr 10 07:12:13 PM UTC 2025;52.303065585
1;9;8;10;3026;3334;1744312385.417600959;Thu Apr 10 07:13:05 PM UTC 2025;60.227355623
1;9;-;-;2608;2818;1744312690.247571818;Thu Apr 10 07:18:10 PM UTC 2025;44.833325249
1;9;2;11;4158;4819;1744312735.087870220;Thu Apr 10 07:18:55 PM UTC 2025;34.936465577
1;9;3;11;1224;1476;1744312770.030990161;Thu Apr 10 07:19:30 PM UTC 2025;38.607374036
1;9;4;11;3360;3699;1744312808.645804981;Thu Apr 10 07:20:08 PM UTC 2025;45.149663135
1;9;5;11;6421;8313;1744312853.802000200;Thu Apr 10 07:20:53 PM UTC 2025;118.415964959
1;9;6;11;2070;3507;1744312972.224436690;Thu Apr 10 07:22:52 PM UTC 2025;80.532555288
1;9;7;11;2543;2718;1744313052.764043551;Thu Apr 10 07:24:12 PM UTC 2025;48.974941270
1;9;8;11;2609;3113;1744313101.746021971;Thu Apr 10 07:25:01 PM UTC 2025;38.015092376
1;9;-;-;11062;11849;1744314162.494372048;Thu Apr 10 07:42:42 PM UTC 2025;51.626114420
1;9;2;12;7112;8305;1744314214.127697963;Thu Apr 10 07:43:34 PM UTC 2025;81.950146437
1;9;3;12;13615;14575;1744314296.084804885;Thu Apr 10 07:44:56 PM UTC 2025;71.804370052
1;9;4;12;11453;12232;1744314367.895948991;Thu Apr 10 07:46:07 PM UTC 2025;164.382566118
1;9;5;12;79839;146434;1744314532.284867339;Thu Apr 10 07:48:52 PM UTC 2025;179.774687947
1;9;6;12;11402;18967;1744314712.066318347;Thu Apr 10 07:51:52 PM UTC 2025;71.849778630
1;9;7;12;12136;13420;1744314783.922913066;Thu Apr 10 07:53:03 PM UTC 2025;47.635814427
1;9;8;12;23878;14643;1744314831.566037199;Thu Apr 10 07:53:51 PM UTC 2025;45.763528864
1;9;-;-;1118;1614;1744317351.577337833;Thu Apr 10 08:35:51 PM UTC 2025;41.367168673
1;9;2;13;3368;4483;1744317392.951511408;Thu Apr 10 08:36:32 PM UTC 2025;70.716746148
1;9;3;13;23586;24683;1744317463.675232791;Thu Apr 10 08:37:43 PM UTC 2025;59.830752869
1;9;4;13;9144;9702;1744317523.512566749;Thu Apr 10 08:38:43 PM UTC 2025;57.792265126
1;9;5;13;16186;23374;1744317581.311652014;Thu Apr 10 08:39:41 PM UTC 2025;224.494721504
1;9;6;13;4637;9242;1744317805.813113440;Thu Apr 10 08:43:25 PM UTC 2025;143.597844058
1;9;7;13;2275;2964;1744317949.417810646;Thu Apr 10 08:45:49 PM UTC 2025;56.911033285
1;9;8;13;3891;5571;1744318006.335791243;Thu Apr 10 08:46:46 PM UTC 2025;47.844465369
1;9;-;-;998;1503;1744318252.233913918;Thu Apr 10 08:50:52 PM UTC 2025;51.236664007
1;9;2;14;4759;8206;1744318303.477587142;Thu Apr 10 08:51:43 PM UTC 2025;149.357526411
1;9;3;14;16234;17953;1744318452.842024657;Thu Apr 10 08:54:12 PM UTC 2025;84.550356665
1;9;4;14;4873;5997;1744318537.399377924;Thu Apr 10 08:55:37 PM UTC 2025;89.866735003
1;9;5;14;49398;61824;1744318627.273007341;Thu Apr 10 08:57:07 PM UTC 2025;188.748182851
1;9;6;14;1606;3194;1744318816.028153874;Thu Apr 10 09:00:16 PM UTC 2025;87.290288914
1;9;7;14;1394;2573;1744318903.325150140;Thu Apr 10 09:01:43 PM UTC 2025;35.164362289
1;9;8;14;1084;1321;1744318938.496148289;Thu Apr 10 09:02:18 PM UTC 2025;46.915559885
1;9;-;-;44;79;1744319650.961366424;Thu Apr 10 09:14:10 PM UTC 2025;23.457185876
1;9;2;15;663;794;1744319674.425256439;Thu Apr 10 09:14:34 PM UTC 2025;26.755316406
1;9;3;15;1537;1614;1744319701.187104598;Thu Apr 10 09:15:01 PM UTC 2025;109.589615264
1;9;4;15;1067;1311;1744319810.783677058;Thu Apr 10 09:16:50 PM UTC 2025;91.523306699
1;9;5;15;3992;4921;1744319902.313675202;Thu Apr 10 09:18:22 PM UTC 2025;85.295681158
1;9;6;15;454;577;1744319987.616174283;Thu Apr 10 09:19:47 PM UTC 2025;48.401713252
1;9;7;15;267;376;1744320036.024754356;Thu Apr 10 09:20:36 PM UTC 2025;41.654273893
1;9;8;15;478;862;1744320077.685737548;Thu Apr 10 09:21:17 PM UTC 2025;136.935947439
1;9;-;-;52;81;1744320353.500871031;Thu Apr 10 09:25:53 PM UTC 2025;35.860172808
1;9;2;16;892;1376;1744320389.368238831;Thu Apr 10 09:26:29 PM UTC 2025;46.183022542
1;9;3;16;1608;1721;1744320435.557785406;Thu Apr 10 09:27:15 PM UTC 2025;45.443406802
1;9;4;16;1012;1334;1744320481.007710021;Thu Apr 10 09:28:01 PM UTC 2025;55.754401263
1;9;5;16;5992;7422;1744320536.768473258;Thu Apr 10 09:28:56 PM UTC 2025;70.063127486
1;9;6;16;395;519;1744320606.838620633;Thu Apr 10 09:30:06 PM UTC 2025;37.919227180
1;9;7;16;301;414;1744320644.764666267;Thu Apr 10 09:30:44 PM UTC 2025;55.560619473
1;9;8;16;464;691;1744320700.331805573;Thu Apr 10 09:31:40 PM UTC 2025;42.777994368
2;10;-;-;1078;1223;1744390132.179593652;Fri Apr 11 04:48:52 PM UTC 2025;40.940525418
2;10;1;9;813;1361;1744390173.127126055;Fri Apr 11 04:49:33 PM UTC 2025;130.487316827
2;10;3;9;25976;31090;1744390303.621273232;Fri Apr 11 04:51:43 PM UTC 2025;110.316339821
2;10;4;9;2413;2832;1744390413.944173177;Fri Apr 11 04:53:33 PM UTC 2025;82.735327232
2;10;5;9;939;1427;1744390496.686192509;Fri Apr 11 04:54:56 PM UTC 2025;39.744697198
2;10;6;9;11186;13964;1744390536.437302978;Fri Apr 11 04:55:36 PM UTC 2025;177.297493477
2;10;7;9;1133;1839;1744390713.741669482;Fri Apr 11 04:58:33 PM UTC 2025;60.546029665
2;10;8;9;1381;1644;1744390774.294970862;Fri Apr 11 04:59:34 PM UTC 2025;38.698505116
2;10;-;-;17515;18246;1744390935.114953077;Fri Apr 11 05:02:15 PM UTC 2025;135.490887714
2;10;1;11;14836;18761;1744391070.613078669;Fri Apr 11 05:04:30 PM UTC 2025;88.425415205
2;10;3;11;11019;14401;1744391159.045898938;Fri Apr 11 05:05:59 PM UTC 2025;46.283610853
2;10;4;11;16123;16601;1744391205.336084520;Fri Apr 11 05:06:45 PM UTC 2025;64.581902903
2;10;5;11;17775;20557;1744391269.925274266;Fri Apr 11 05:07:49 PM UTC 2025;102.208008849
2;10;6;11;18805;24768;1744391372.140939090;Fri Apr 11 05:09:32 PM UTC 2025;161.449218128
2;10;7;11;13944;17231;1744391533.597374547;Fri Apr 11 05:12:13 PM UTC 2025;76.527622006
2;10;8;11;16084;16903;1744391610.131881236;Fri Apr 11 05:13:30 PM UTC 2025;51.570254096
2;10;-;-;325;426;1744391837.561337814;Fri Apr 11 05:17:17 PM UTC 2025;54.799147203
2;10;1;12;1968;2059;1744391892.367297897;Fri Apr 11 05:18:12 PM UTC 2025;73.517190355
2;10;3;12;24972;28626;1744391965.891035156;Fri Apr 11 05:19:25 PM UTC 2025;57.450381752
2;10;4;12;1021;1413;1744392023.348336495;Fri Apr 11 05:20:23 PM UTC 2025;78.452333213
2;10;5;12;528;763;1744392101.807865354;Fri Apr 11 05:21:41 PM UTC 2025;41.474757809
2;10;6;12;2572;4446;1744392143.289096035;Fri Apr 11 05:22:23 PM UTC 2025;73.340302363
2;10;7;12;607;913;1744392216.636258619;Fri Apr 11 05:23:36 PM UTC 2025;61.950976492
2;10;8;12;731;1152;1744392278.594250560;Fri Apr 11 05:24:38 PM UTC 2025;54.622679169
2;10;-;-;1239;1474;1744392530.605456823;Fri Apr 11 05:28:50 PM UTC 2025;45.894154980
2;10;1;13;528;889;1744392576.506644463;Fri Apr 11 05:29:36 PM UTC 2025;57.467106048
2;10;3;13;17331;21216;1744392633.980075586;Fri Apr 11 05:30:33 PM UTC 2025;166.038013061
2;10;4;13;1443;1792;1744392800.024619749;Fri Apr 11 05:33:20 PM UTC 2025;87.511365770
2;10;5;13;522;893;1744392887.542461191;Fri Apr 11 05:34:47 PM UTC 2025;46.854032574
2;10;6;13;6814;8986;1744392934.403504205;Fri Apr 11 05:35:34 PM UTC 2025;63.695055429
2;10;7;13;367;512;1744392998.105773638;Fri Apr 11 05:36:38 PM UTC 2025;75.610897350
2;10;8;13;473;640;1744393073.723400184;Fri Apr 11 05:37:53 PM UTC 2025;68.658927213
2;10;-;-;290;540;1744399787.987490447;Fri Apr 11 07:29:47 PM UTC 2025;42.916606392
2;10;1;14;433;852;1744399830.910858996;Fri Apr 11 07:30:30 PM UTC 2025;82.037372606
2;10;3;14;23021;24619;1744399912.955461068;Fri Apr 11 07:31:52 PM UTC 2025;91.505502001
2;10;4;14;2008;2368;1744400004.467795492;Fri Apr 11 07:33:24 PM UTC 2025;46.448002415
2;10;5;14;946;1465;1744400050.922949153;Fri Apr 11 07:34:10 PM UTC 2025;102.778352920
2;10;6;14;12106;13665;1744400153.708385340;Fri Apr 11 07:35:53 PM UTC 2025;143.498308801
2;10;7;14;372;720;1744400297.213259561;Fri Apr 11 07:38:17 PM UTC 2025;81.210968295
2;10;8;14;743;1012;1744400378.431373135;Fri Apr 11 07:39:38 PM UTC 2025;58.387727059
2;10;-;-;80;103;1744400545.427890809;Fri Apr 11 07:42:25 PM UTC 2025;48.477614778
2;10;1;15;724;1065;1744400593.912468521;Fri Apr 11 07:43:13 PM UTC 2025;63.873955845
2;10;3;15;27717;29799;1744400657.793351083;Fri Apr 11 07:44:17 PM UTC 2025;91.251907708
2;10;4;15;1918;2211;1744400749.052074587;Fri Apr 11 07:45:49 PM UTC 2025;83.525226099
2;10;5;15;558;811;1744400832.583911437;Fri Apr 11 07:47:12 PM UTC 2025;116.155349384
2;10;6;15;7282;9535;1744400948.745248791;Fri Apr 11 07:49:08 PM UTC 2025;166.190989586
2;10;7;15;382;798;1744401114.942411722;Fri Apr 11 07:51:54 PM UTC 2025;50.719064168
2;10;8;15;763;1109;1744401165.668400419;Fri Apr 11 07:52:45 PM UTC 2025;47.744607991
2;10;-;-;64;84;1744401303.768166275;Fri Apr 11 07:55:03 PM UTC 2025;39.528969529
2;10;1;16;536;1155;1744401343.304276139;Fri Apr 11 07:55:43 PM UTC 2025;61.610060926
2;10;3;16;24115;26630;1744401404.921962666;Fri Apr 11 07:56:44 PM UTC 2025;177.536089071
2;10;4;16;1413;1612;1744401582.464700335;Fri Apr 11 07:59:42 PM UTC 2025;103.612204218
2;10;5;16;402;661;1744401686.084086315;Fri Apr 11 08:01:26 PM UTC 2025;60.826909970
2;10;6;16;4463;6601;1744401746.918522169;Fri Apr 11 08:02:26 PM UTC 2025;72.173222404
2;10;7;16;398;571;1744401819.098259004;Fri Apr 11 08:03:39 PM UTC 2025;54.675587973
2;10;8;16;833;1094;1744401873.780560702;Fri Apr 11 08:04:33 PM UTC 2025;50.050738138
3;11;-;-;1039;1199;1744402110.678915289;Fri Apr 11 08:08:30 PM UTC 2025;50.958754766
3;11;1;9;1007;1162;1744402161.644537052;Fri Apr 11 08:09:21 PM UTC 2025;65.808290386
3;11;2;9;5527;7402;1744402227.459801511;Fri Apr 11 08:10:27 PM UTC 2025;108.285764651
3;11;4;9;2455;3614;1744402335.752951680;Fri Apr 11 08:12:15 PM UTC 2025;68.168968647
3;11;5;9;2735;2963;1744402403.928771848;Fri Apr 11 08:13:23 PM UTC 2025;38.244749770
3;11;6;9;1535;2167;1744402442.179990521;Fri Apr 11 08:14:02 PM UTC 2025;84.607672618
3;11;7;9;6135;8347;1744402526.794628355;Fri Apr 11 08:15:26 PM UTC 2025;111.176091355
3;11;8;9;1694;1979;1744402637.977500006;Fri Apr 11 08:17:17 PM UTC 2025;52.571080572
3;11;-;-;24085;24867;1744402843.692086987;Fri Apr 11 08:20:43 PM UTC 2025;83.105006909
3;11;1;10;18804;19551;1744402926.804216476;Fri Apr 11 08:22:06 PM UTC 2025;42.169941231
3;11;2;10;35348;38089;1744402968.980952128;Fri Apr 11 08:22:48 PM UTC 2025;114.162361165
3;11;4;10;16241;18568;1744403083.149963089;Fri Apr 11 08:24:43 PM UTC 2025;70.574583010
3;11;5;10;27619;28299;1744403153.731080795;Fri Apr 11 08:25:53 PM UTC 2025;36.715280841
3;11;6;10;22306;25471;1744403190.453464827;Fri Apr 11 08:26:30 PM UTC 2025;150.616029027
3;11;7;10;18117;49853;1744403341.076246430;Fri Apr 11 08:29:01 PM UTC 2025;335.320671979
3;11;8;10;28746;31039;1744403676.403877930;Fri Apr 11 08:34:36 PM UTC 2025;55.001297028
3;11;-;-;1906;2142;1744404021.904647158;Fri Apr 11 08:40:21 PM UTC 2025;118.333974126
3;11;1;12;1077;1235;1744404140.245788488;Fri Apr 11 08:42:20 PM UTC 2025;56.267629163
3;11;2;12;3021;4489;1744404196.520171856;Fri Apr 11 08:43:16 PM UTC 2025;47.347464648
3;11;4;12;3528;4127;1744404243.874114535;Fri Apr 11 08:44:03 PM UTC 2025;51.454422029
3;11;5;12;761;844;1744404295.334819719;Fri Apr 11 08:44:55 PM UTC 2025;28.111893878
3;11;6;12;977;1178;1744404323.453248039;Fri Apr 11 08:45:23 PM UTC 2025;57.897134901
3;11;7;12;4712;6815;1744404381.357100134;Fri Apr 11 08:46:21 PM UTC 2025;31.649972295
3;11;8;12;1688;2081;1744404413.013590945;Fri Apr 11 08:46:53 PM UTC 2025;23.438744081
3;11;-;-;983;1116;1744404602.645709802;Fri Apr 11 08:50:02 PM UTC 2025;61.529154395
3;11;1;13;273;367;1744404664.182814380;Fri Apr 11 08:51:04 PM UTC 2025;39.941491679
3;11;2;13;3144;4917;1744404704.130463281;Fri Apr 11 08:51:44 PM UTC 2025;36.412555127
3;11;4;13;2420;3205;1744404740.550176845;Fri Apr 11 08:52:20 PM UTC 2025;30.196078078
3;11;5;13;216;301;1744404770.752881386;Fri Apr 11 08:52:50 PM UTC 2025;28.848073734
3;11;6;13;436;734;1744404799.608370245;Fri Apr 11 08:53:19 PM UTC 2025;31.335836886
3;11;7;13;1677;3266;1744404830.951701668;Fri Apr 11 08:53:50 PM UTC 2025;69.733916654
3;11;8;13;757;1008;1744404900.692316578;Fri Apr 11 08:55:00 PM UTC 2025;28.957249879
3;11;-;-;143;214;1744405054.207158693;Fri Apr 11 08:57:34 PM UTC 2025;43.559783864
3;11;1;14;546;636;1744405097.773762094;Fri Apr 11 08:58:17 PM UTC 2025;54.274548013
3;11;2;14;2516;4857;1744405152.055500239;Fri Apr 11 08:59:12 PM UTC 2025;106.164791958
3;11;4;14;1934;3321;1744405258.226978651;Fri Apr 11 09:00:58 PM UTC 2025;69.248909302
3;11;5;14;348;410;1744405327.482906692;Fri Apr 11 09:02:07 PM UTC 2025;37.260625464
3;11;6;14;291;637;1744405364.750817909;Fri Apr 11 09:02:44 PM UTC 2025;36.244002935
3;11;7;14;3202;4561;1744405401.001669402;Fri Apr 11 09:03:21 PM UTC 2025;51.566769594
3;11;8;14;819;1127;1744405452.574856561;Fri Apr 11 09:04:12 PM UTC 2025;40.903606617
3;11;-;-;174;231;1744405691.967608216;Fri Apr 11 09:08:11 PM UTC 2025;38.458425816
3;11;1;15;896;1107;1744405730.432864118;Fri Apr 11 09:08:50 PM UTC 2025;45.639949743
3;11;2;15;2437;2930;1744405776.080211945;Fri Apr 11 09:09:36 PM UTC 2025;38.853365252
3;11;4;15;4239;5923;1744405814.940401356;Fri Apr 11 09:10:14 PM UTC 2025;68.564712535
3;11;5;15;472;591;1744405883.511779472;Fri Apr 11 09:11:23 PM UTC 2025;53.375224320
3;11;6;15;405;632;1744405936.893684560;Fri Apr 11 09:12:16 PM UTC 2025;36.950762563
3;11;7;15;5021;7344;1744405973.850954600;Fri Apr 11 09:12:53 PM UTC 2025;45.551513377
3;11;8;15;770;932;1744406019.409011550;Fri Apr 11 09:13:39 PM UTC 2025;29.199832680
3;11;-;-;91;122;1744406135.075706460;Fri Apr 11 09:15:35 PM UTC 2025;38.353604382
3;11;1;16;781;879;1744406173.435926380;Fri Apr 11 09:16:13 PM UTC 2025;53.139648631
3;11;2;16;2724;3643;1744406226.582342623;Fri Apr 11 09:17:06 PM UTC 2025;39.995245742
3;11;4;16;4275;5207;1744406266.584554813;Fri Apr 11 09:17:46 PM UTC 2025;51.189437488
3;11;5;16;189;235;1744406317.780804964;Fri Apr 11 09:18:37 PM UTC 2025;22.543126370
3;11;6;16;407;531;1744406340.330317340;Fri Apr 11 09:19:00 PM UTC 2025;39.725550909
3;11;7;16;13208;15296;1744406380.062388548;Fri Apr 11 09:19:40 PM UTC 2025;79.259429581
3;11;8;16;807;931;1744406459.328287987;Fri Apr 11 09:20:59 PM UTC 2025;36.709200419
4;12;-;-;1586;1685;1744406678.587264091;Fri Apr 11 09:24:38 PM UTC 2025;44.472685432
4;12;1;9;607;721;1744406723.067134298;Fri Apr 11 09:25:23 PM UTC 2025;19.754748214
4;12;2;9;4178;4432;1744406742.828359546;Fri Apr 11 09:25:42 PM UTC 2025;33.032565081
4;12;3;9;7957;9345;1744406775.867445555;Fri Apr 11 09:26:15 PM UTC 2025;57.142624894
4;12;5;9;249;387;1744406833.016741929;Fri Apr 11 09:27:13 PM UTC 2025;43.060359345
4;12;6;9;1409;1522;1744406876.083857943;Fri Apr 11 09:27:56 PM UTC 2025;30.399932137
4;12;7;9;1148;2001;1744406906.490460388;Fri Apr 11 09:28:26 PM UTC 2025;54.650573020
4;12;8;9;4511;6477;1744406961.147838789;Fri Apr 11 09:29:21 PM UTC 2025;74.833961312
4;12;-;-;2050;2267;1744407171.822676554;Fri Apr 11 09:32:51 PM UTC 2025;54.064048210
4;12;1;10;859;932;1744407225.893847221;Fri Apr 11 09:33:45 PM UTC 2025;72.507122744
4;12;2;10;5814;6275;1744407298.407612973;Fri Apr 11 09:34:58 PM UTC 2025;46.051598654
4;12;3;10;12238;14961;1744407344.466025573;Fri Apr 11 09:35:44 PM UTC 2025;46.401319734
4;12;5;10;820;937;1744407390.874225501;Fri Apr 11 09:36:30 PM UTC 2025;29.425275575
4;12;6;10;1394;1472;1744407420.306314361;Fri Apr 11 09:37:00 PM UTC 2025;29.930737815
4;12;7;10;1313;1552;1744407450.243560018;Fri Apr 11 09:37:30 PM UTC 2025;24.602191911
4;12;8;10;9216;13147;1744407474.852773816;Fri Apr 11 09:37:54 PM UTC 2025;59.927045932
4;12;-;-;11702;12816;1744407656.276280204;Fri Apr 11 09:40:56 PM UTC 2025;35.748483523
4;12;1;11;12908;13346;1744407692.031780356;Fri Apr 11 09:41:32 PM UTC 2025;43.698217124
4;12;2;11;10943;11469;1744407735.737024282;Fri Apr 11 09:42:15 PM UTC 2025;44.144156570
4;12;3;11;22096;26483;1744407779.889227258;Fri Apr 11 09:42:59 PM UTC 2025;116.043824229
4;12;5;11;8491;8846;1744407895.940362088;Fri Apr 11 09:44:55 PM UTC 2025;61.169267283
4;12;6;11;10840;12007;1744407957.116931017;Fri Apr 11 09:45:57 PM UTC 2025;75.186240492
4;12;7;11;13774;16732;1744408032.310207962;Fri Apr 11 09:47:12 PM UTC 2025;84.935008227
4;12;8;11;17208;22551;1744408117.251971785;Fri Apr 11 09:48:37 PM UTC 2025;61.143825015
4;12;-;-;410;515;1744409938.840109200;Fri Apr 11 10:18:58 PM UTC 2025;56.731740065
4;12;1;14;610;761;1744409995.578591184;Fri Apr 11 10:19:55 PM UTC 2025;57.142592526
4;12;2;14;3101;3325;1744410052.727772253;Fri Apr 11 10:20:52 PM UTC 2025;47.967571127
4;12;3;14;10582;12667;1744410100.702079305;Fri Apr 11 10:21:40 PM UTC 2025;45.690636997
4;12;5;14;350;430;1744410146.399127275;Fri Apr 11 10:22:26 PM UTC 2025;67.102121350
4;12;6;14;722;802;1744410213.508439615;Fri Apr 11 10:23:33 PM UTC 2025;29.006159977
4;12;7;14;954;1301;1744410242.521737052;Fri Apr 11 10:24:02 PM UTC 2025;87.024754122
4;12;8;14;2114;3320;1744410329.553831295;Fri Apr 11 10:25:29 PM UTC 2025;43.080909263
4;12;-;-;1341;1485;1744410477.115345464;Fri Apr 11 10:27:57 PM UTC 2025;38.096673798
4;12;1;15;242;281;1744410515.218867454;Fri Apr 11 10:28:35 PM UTC 2025;28.158928026
4;12;2;15;2074;2385;1744410543.384673048;Fri Apr 11 10:29:03 PM UTC 2025;31.525772683
4;12;3;15;10994;13154;1744410574.917223502;Fri Apr 11 10:29:34 PM UTC 2025;44.948139564
4;12;5;15;205;274;1744410619.872226825;Fri Apr 11 10:30:19 PM UTC 2025;41.522053355
4;12;6;15;1136;1273;1744410661.400953511;Fri Apr 11 10:31:01 PM UTC 2025;36.870247503
4;12;7;15;572;707;1744410698.278147679;Fri Apr 11 10:31:38 PM UTC 2025;22.903398984
4;12;8;15;1917;2258;1744410721.188250504;Fri Apr 11 10:32:01 PM UTC 2025;33.531650623
4;12;-;-;238;302;1744410824.701627905;Fri Apr 11 10:33:44 PM UTC 2025;27.654473369
4;12;1;16;322;394;1744410852.363164828;Fri Apr 11 10:34:12 PM UTC 2025;28.112052613
4;12;2;16;1668;1775;1744410880.483073183;Fri Apr 11 10:34:40 PM UTC 2025;44.709696696
4;12;3;16;9343;133395;1744410925.199668524;Fri Apr 11 10:35:25 PM UTC 2025;80.912215468
4;12;5;16;124;193;1744411006.118882122;Fri Apr 11 10:36:46 PM UTC 2025;24.168668162
4;12;6;16;1231;1318;1744411030.294165390;Fri Apr 11 10:37:10 PM UTC 2025;22.934485269
4;12;7;16;603;822;1744411053.236652854;Fri Apr 11 10:37:33 PM UTC 2025;29.896561378
4;12;8;16;6133;7562;1744411083.139886764;Fri Apr 11 10:38:03 PM UTC 2025;31.297741928
5;13;5;13;163;289;1744649646.011612298;Mon Apr 14 04:54:06 PM UTC 2025;113.109035653
5;13;1;9;973;2847;1744649759.128768010;Mon Apr 14 04:55:59 PM UTC 2025;113.689598452
5;13;2;9;559;793;1744649872.825786206;Mon Apr 14 04:57:52 PM UTC 2025;32.827350071
5;13;3;9;516;669;1744649905.659629683;Mon Apr 14 04:58:25 PM UTC 2025;52.226962276
5;13;4;9;1633;2006;1744649957.893386703;Mon Apr 14 04:59:17 PM UTC 2025;46.515151173
5;13;6;9;454;1091;1744650004.415434997;Mon Apr 14 05:00:04 PM UTC 2025;39.476192767
5;13;7;9;549;657;1744650043.898193006;Mon Apr 14 05:00:43 PM UTC 2025;41.496227938
5;13;8;9;733;979;1744650085.401050160;Mon Apr 14 05:01:25 PM UTC 2025;102.486084302
5;13;5;13;344;405;1744650295.857822889;Mon Apr 14 05:04:55 PM UTC 2025;40.418864152
5;13;1;10;407;894;1744650336.283280179;Mon Apr 14 05:05:36 PM UTC 2025;114.163784971
5;13;2;10;368;501;1744650450.453806597;Mon Apr 14 05:07:30 PM UTC 2025;33.320050325
5;13;3;10;384;494;1744650483.780753063;Mon Apr 14 05:08:03 PM UTC 2025;53.386598359
5;13;4;10;2018;2289;1744650537.174352127;Mon Apr 14 05:08:57 PM UTC 2025;40.544364564
5;13;6;10;316;584;1744650577.725425786;Mon Apr 14 05:09:37 PM UTC 2025;45.505240770
5;13;7;10;249;396;1744650623.236962511;Mon Apr 14 05:10:23 PM UTC 2025;51.810136781
5;13;8;10;448;610;1744650675.053767777;Mon Apr 14 05:11:15 PM UTC 2025;66.020600907
5;13;5;13;455;559;1744650861.975408776;Mon Apr 14 05:14:21 PM UTC 2025;58.860931317
